{
    "$schema": "http://json-schema.org/draft-07/schema",
    "$id": "https://raw.githubusercontent.com/./master/nextflow_schema.json",
    "title": "epi2me-labs/wf-alignment",
    "workflow_title": "Alignment",
    "description": "Align nanopore sequencing data and visualize mapping statistics.",
    "demo_url": "https://ont-exd-int-s3-euwst1-epi2me-labs.s3.amazonaws.com/wf-alignment/wf-alignment-demo.tar.gz",
    "aws_demo_url": "https://ont-exd-int-s3-euwst1-epi2me-labs.s3.amazonaws.com/wf-alignment/wf-alignment-demo/aws.nextflow.config",
    "url": "https://github.com/epi2me-labs/wf-alignment",
    "type": "object",
    "definitions": {
        "input": {
            "title": "Input Options",
            "type": "object",
            "fa_icon": "fas fa-arrow-right",
            "description": "Parameters for finding and handling input data for analysis.",
            "properties": {
                "fastq": {
                    "type": "string",
                    "format": "path",
                    "title": "FASTQ",
                    "description": "FASTQ files to use in the analysis.",
                    "help_text": "This accepts one of three cases: (i) the path to a single FASTQ file; (ii) the path to a top-level directory containing FASTQ files; (iii) the path to a directory containing one level of sub-directories which in turn contain FASTQ files. In the first and second case, a sample name can be supplied with `--sample`. In the last case, the data is assumed to be multiplexed with the names of the sub-directories as barcodes. In this case, a sample sheet can be provided with `--sample_sheet`."
                },
                "bam": {
                    "type": "string",
                    "format": "path",
                    "description": "BAM or unaligned BAM (uBAM) files to use in the analysis.",
                    "help_text": "This accepts one of three cases: (i) the path to a single BAM file; (ii) the path to a top-level directory containing BAM files; (iii) the path to a directory containing one level of sub-directories which in turn contain BAM files. In the first and second case, a sample name can be supplied with `--sample`. In the last case, the data is assumed to be multiplexed with the names of the sub-directories as barcodes. In this case, a sample sheet can be provided with `--sample_sheet`."
                },
                "analyse_unclassified": {
                    "type": "boolean",
                    "default": false,
                    "title": "Analyse unclassified reads",
                    "description": "Analyse unclassified reads from input directory. By default the workflow will not process reads in the unclassified directory.",
                    "help_text": "If selected and if the input is a multiplex directory the workflow will also process the unclassified directory."
                },
                "references": {
                    "type": "string",
                    "format": "directory-path",
                    "description": "Path to a directory containing FASTA reference files.",
                    "help_text": "Accepted file extensions are '.fasta', '.fna', '.ffn', '.faa', '.frn', '.fa', '.txt', '.fa.gz', '.fna.gz', '.frn.gz', '.ffn.gz', '.fasta.gz'. In addition, an MMI index file can be provided to make the workflow run faster using the option `--reference_mmi_file`."
                },
                "reference_mmi_file": {
                    "type": "string",
                    "format": "file-path",
                    "description": "Path to an MMI index file to be used as reference.",
                    "help_text": "Accepted file extension is '.mmi'. The references parameter is still required if this is provided. Note that some minimap2 alignment options are set by the reference MMI and cannot be overridden."
                },
                "counts": {
                    "type": "string",
                    "format": "file-path",
                    "description": "Path to a CSV file containing expected counts as a control.",
                    "help_text": "The expected counts CSV file must contain columns named 'reference' and 'expected_counts' in order to be valid. the 'reference' column should contain names matching the names of reference sequences within the fasta files provided using --references."
                }
            },
            "allOf": [
                {
                    "required": [
                        "references"
                    ]
                },
                {
                    "oneOf": [
                        {
                            "required": [
                                "fastq"
                            ]
                        },
                        {
                            "required": [
                                "bam"
                            ]
                        }
                    ]
                }
            ]
        },
        "samples": {
            "title": "Sample Options",
            "type": "object",
            "fa_icon": "fas fa-vials",
            "description": "Parameters that relate to samples such as sample sheets and sample names.",
            "properties": {
                "sample_sheet": {
                    "type": "string",
                    "format": "file-path",
                    "description": "A CSV file used to map barcodes to sample aliases. The sample sheet can be provided when the input data is a directory containing sub-directories with FASTQ files.",
                    "help_text": "The sample sheet is a CSV file with, minimally, columns named `barcode` and `alias`. Extra columns are allowed. A `type` column is required for certain workflows and should have the following values; `test_sample`, `positive_control`, `negative_control`, `no_template_control`."
                },
                "sample": {
                    "type": "string",
                    "description": "A single sample name for non-multiplexed data. Permissible if passing a single .fastq(.gz) file or directory of .fastq(.gz) files."
                }
            }
        },
        "output": {
            "title": "Output Options",
            "type": "object",
            "fa_icon": "fas fa-arrow-left",
            "description": "Parameters for saving and naming workflow outputs.",
            "properties": {
                "out_dir": {
                    "type": "string",
                    "default": "output",
                    "format": "directory-path",
                    "description": "Directory for output of all workflow results."
                },
                "prefix": {
                    "type": "string",
                    "title": "Output filename prefix",
                    "description": "Optional prefix attached to each of the output filenames.",
                    "help_text": "Output filename format will be `<prefix>-filename.ext`."
                },
                "per_read_stats": {
                    "type": "boolean",
                    "default": false,
                    "title": "Per-read alignment stats",
                    "description": "Generate Bamstats per-read stats.",
                    "help_text": "With this option, the workflow will produce detailed per-read alignment stats emitted as gzipped TSV file. As these files can get quite large, it is recommended to only request them when necessary."
                },
                "igv": {
                    "type": "boolean",
                    "default": false,
                    "title": "IGV",
                    "description": "Enable IGV visualisation in the EPI2ME Desktop Application by creating the required files."
                }
            }
        },
        "advanced_options": {
            "title": "Advanced options",
            "type": "object",
            "fa_icon": "far fa-question-circle",
            "description": "Advanced options for configuring processes inside the workflow.",
            "help_text": "These advanced options do not need to be changed for typical use, but allow fine tuning of workflows for users who want more control over the workflow.",
            "properties": {
                "depth_coverage": {
                    "type": "boolean",
                    "default": true,
                    "description": "Calculate depth coverage statistics and include them in the report.",
                    "help_text": "This step can be a computational bottleneck. Set this to false if your reference sequences are >50mb to speed things up."
                },
                "minimap_preset": {
                    "type": "string",
                    "title": "Minimap2 parameter preset",
                    "description": "Pre-defined parameter sets for `minimap2`, covering most common use cases.",
                    "help_text": "Available parameter sets are: 'dna' (`-ax map-ont`), 'rna' (`-ax splice -uf`).",
                    "enum": [
                        "dna",
                        "rna"
                    ],
                    "default": "dna"
                },
                "minimap_args": {
                    "type": "string",
                    "title": "Minimap2 CLI arguments",
                    "description": "String of command line arguments to be passed on to `minimap2`.",
                    "help_text": "This overrides the options defined by `--minimap_preset` and allows for running the alignment step in a more customized way."
                }
            }
        },
        "misc": {
            "title": "Miscellaneous Options",
            "type": "object",
            "description": "Everything else.",
            "default": "",
            "properties": {
                "threads": {
                    "type": "integer",
                    "default": 4,
                    "minimum": 4,
                    "description": "Number of CPU threads to use for the alignment step.",
                    "help_text": "The alignment process will run with this many threads (note that the memory used by minimap2 scales with the number of threads). The total CPU resources used by the workflow are constrained by the Nextflow executor configuration."
                },
                "disable_ping": {
                    "type": "boolean",
                    "default": false,
                    "description": "Enable to prevent sending a workflow ping.",
                    "overrides": {
                        "epi2mecloud": {
                            "hidden": true
                        }
                    }
                },
                "help": {
                    "type": "boolean",
                    "default": false,
                    "description": "Display help text.",
                    "fa_icon": "fas fa-question-circle",
                    "hidden": true
                },
                "version": {
                    "type": "boolean",
                    "default": false,
                    "description": "Display version and exit.",
                    "fa_icon": "fas fa-question-circle",
                    "hidden": true
                },
                "store_dir": {
                    "type": "string",
                    "description": "Unused.",
                    "hidden": true,
                    "format": "directory-path"
                }
            }
        }
    },
    "allOf": [
        {
            "$ref": "#/definitions/input"
        },
        {
            "$ref": "#/definitions/samples"
        },
        {
            "$ref": "#/definitions/output"
        },
        {
            "$ref": "#/definitions/advanced_options"
        },
        {
            "$ref": "#/definitions/misc"
        }
    ],
    "properties": {
        "aws_image_prefix": {
            "type": "string",
            "hidden": true
        },
        "aws_queue": {
            "type": "string",
            "hidden": true
        },
        "monochrome_logs": {
            "type": "boolean"
        },
        "validate_params": {
            "type": "boolean",
            "default": true
        },
        "show_hidden_params": {
            "type": "boolean"
        }
    },
    "resources": {
        "recommended": {
            "cpus": 12,
            "memory": "32GB"
        },
        "minimum": {
            "cpus": 6,
            "memory": "12GB"
        },
        "run_time": "0.5-5 minutes per sample (depending on number of reads, length of reference, and available compute).",
        "arm_support": true
    }
}
